ES;;;
;;;
;;;
Item;Quantity;Price;Link
Esp32 38 pins;1;8.89 USD;https://www.ardboard.com/index.php?route=product/product&product_id=413
MPU6050 6-Axis Module;1;5.90 USD;https://elimex.bg/product/74823-kit-k2083-akselerometar-i-zhiroskop-za-uno-mpu6500
Micro Vibration Motor;2;3.52 USD x2 = 7.04 USD;https://elimex.bg/product/88708-motor-1.3-7vdc-ng04-6-vibromotor
2N2222 NPN Transistor & Resistors;1;0.15 USD;https://elimex.bg/product/87794-2n2222a-to-92
Buttons;4;0.30 USD x4 = 1.20 USD;https://elimex.bg/product/84643-microbuton-12-12-h-7-3
Wearable Glove Base & Straps;1;5.00 USD;DIY / Fabric Base
Jumper Cables;           ~20;2.86 USD;https://elimex.bg/product/75823-komplekt-provodnitsi-40-broya-s-konektori-mazhki-zhenski-30sm
